Australia,Ashton Agar,25,Bowler,Left-hand bat,Slow left-arm orthodox,15,7,1,8229,13.66,79,103.79,0,0,63,15,15,264,329,10,3/27,3/27,32.90,7.47,26.4
Australia,Jason Behrendorff,28,Bowler,Right-hand bat,Left-arm fast-medium,5,-,-,--,-,-,-,-,-,--,5,4,60,84,5,4/21,4/21,16.80,8.40,12.0
Australia,Alex Carey,27,Wicketkeeper batsman,Left-hand bat,_,19,13,4,12537*,13.88,101,123.76,0,0,104,19,-,-,-,-,-,-,-,-,-
Australia,Daniel Christian,35,Allrounder,Right-hand bat,Right-arm fast-medium,16,7,3,279,6.75,28,96.42,0,0,20,16,16,213,317,11,3/27,3/27,28.81,8.92,19.3
Australia,Nathan Coulter-Nile,31,Bowler,Right-hand bat,Right-arm fast,26,14,4,14634,14.60,112,130.35,0,0,1010,26,25,540,743,30,4/31,4/31,24.76,8.25,18.0
Australia,Pat Cummins,25,Bowler,Right-hand bat,Right-arm fast,18,10,3,2813,4.00,34,82.35,0,0,11,18,18,414,472,23,3/15,3/15,20.52,6.84,18.0
Australia,Ben Dunk,31,Wicketkeeper batsman,Left-hand bat,Right-arm offbreak,5,5,0,9932,19.80,69,143.47,0,0,86,5,-,-,-,-,-,-,-,-,-
Australia,James Faulkner,28,Bowling allrounder,Right-hand bat,Left-arm fast-medium,24,18,7,15941*,14.45,138,115.21,0,0,75,24,24,515,684,36,5/27,5/27,19.00,7.96,14.3
Australia,Aaron Finch,32,Top-order batsman,Right-hand bat,Slow left-arm orthodox,50,50,7,1663172,38.67,1064,156.29,2,9,16079,50,2,12,27,0,-,-,-,13.50,-
Australia,Travis Head,24,Middle-order batsman,Left-hand bat,Right-arm offbreak,16,15,3,31948*,26.58,245,130.20,0,0,1910,16,3,24,39,1,1/16,1/16,39.00,9.75,24.0
Australia,Moises Henriques,31,Allrounder,Right-hand bat,Right-arm fast-medium,11,8,3,15962*,31.80,122,130.32,0,2,87,11,7,102,158,4,2/35,2/35,39.50,9.29,25.5
Australia,Michael Klinger,38,Batsman,Right-hand bat,_,3,3,0,14362,47.66,112,127.67,0,1,122,3,-,-,-,-,-,-,-,-,-
Australia,Chris Lynn,28,Batsman,Right-hand bat,Slow left-arm orthodox,18,16,1,29144,19.40,221,131.67,0,0,2814,18,-,-,-,-,-,-,-,-,-
Australia,Nathan Lyon,31,Bowler,Right-hand bat,Right-arm offbreak,2,1,1,44*,-,4,100.00,0,0,00,2,2,30,48,1,1/33,1/33,48.00,9.60,30.0
Australia,Ben McDermott,23,Wicketkeeper batsman,Right-hand bat,Right-arm medium,8,8,3,7232*,14.40,76,94.73,0,0,52,8,-,-,-,-,-,-,-,-,-
Australia,Nic Maddinson,26,Opening batsman,Left-hand bat,Slow left-arm orthodox,6,4,0,4534,11.25,35,128.57,0,0,61,6,-,-,-,-,-,-,-,-,-
Australia,Mitchell Marsh,27,Allrounder,Right-hand bat,Right-arm medium,11,11,3,17536,21.87,151,115.89,0,0,79,11,9,114,156,6,2/6,2/6,26.00,8.21,19.0
Australia,Glenn Maxwell,30,Batting allrounder,Right-hand bat,Right-arm offbreak,57,51,8,1345145*,31.27,859,156.57,2,5,11367,57,40,564,704,26,3/10,3/10,27.07,7.48,21.6
Australia,Tim Paine,33,Wicketkeeper batsman,Right-hand bat,Right-arm medium,12,9,1,8225,10.25,77,106.49,0,0,73,12,-,-,-,-,-,-,-,-,-
Australia,Jhye Richardson,22,Bowler,Right-hand bat,Right-arm fast,7,2,1,66*,6.00,3,200.00,0,0,10,7,7,156,211,9,2/32,2/32,23.44,8.11,17.3
Australia,Kane Richardson,27,Bowler,Right-hand bat,Right-arm fast-medium,9,2,0,99,4.50,8,112.50,0,0,00,9,9,204,299,9,3/33,3/33,33.22,8.79,22.6
Australia,D'Arcy Short,28,Opening batsman,Left-hand bat,Slow left-arm chinaman,18,18,2,51576,32.18,425,121.17,0,4,5515,18,7,84,112,2,1/13,1/13,56.00,8.00,42.0
Australia,Billy Stanlake,24,Bowler,Left-hand bat,Right-arm fast,17,2,1,97,9.00,12,75.00,0,0,01,17,17,372,502,25,4/8,4/8,20.08,8.09,14.8
Australia,Mitchell Starc,28,Bowler,Left-hand bat,Left-arm fast,23,6,2,124,3.00,18,66.66,0,0,00,23,23,525,592,31,3/11,3/11,19.09,6.76,16.9
Australia,Marcus Stoinis,29,Middle-order batsman,Right-hand bat,Right-arm medium,17,12,5,12833*,18.28,101,126.73,0,0,132,17,15,230,319,9,2/27,2/27,35.44,8.32,25.5
Australia,Mitchell Swepson,25,Bowler,Right-hand bat,Legbreak,1,1,1,33*,-,4,75.00,0,0,00,1,1,24,37,2,2/37,2/37,18.50,9.25,12.0
Australia,Andrew Tye,31,Bowler,Right-hand bat,Right-arm medium-fast,26,11,5,6120,10.16,55,110.90,0,0,43,26,25,551,815,37,4/23,4/23,22.02,8.87,14.8
Australia,David Warner,32,Opening batsman,Left-hand bat,Legbreak,70,70,3,179290*,26.74,1279,140.10,0,13,17279,70,-,-,-,-,-,-,-,-,-
Australia,Jack Wildermuth,25,Allrounder,Right-hand bat,Right-arm medium-fast,2,1,1,11*,-,1,100.00,0,0,00,2,2,18,32,1,1/16,1/16,32.00,10.66,18.0
Australia,Adam Zampa,26,Bowler,Right-hand bat,Legbreak googly,20,6,4,239,11.50,26,88.46,0,0,20,20,19,402,402,22,3/16,3/16,18.27,6.00,18.2
England,Moeen Ali,31,Batting allrounder,Left-hand bat,Right-arm offbreak,25,22,6,23572*,14.68,198,118.68,0,1,219,25,22,362,519,15,2/21,2/21,34.60,8.60,24.1
England,Jonny Bairstow,29,Middle-order batsman,Right-hand bat,Right-arm medium,27,22,6,39660*,24.75,315,125.71,0,2,3315,27,-,-,-,-,-,-,-,-,-
England,Jake Ball,27,Bowler,Right-hand bat,Right-arm fast-medium,2,-,-,--,-,-,-,-,-,--,2,2,42,83,2,1/39,1/39,41.50,11.85,21.0
England,Sam Billings,27,Wicketkeeper batsman,Right-hand bat,_,18,16,0,20953,13.06,158,132.27,0,1,198,18,-,-,-,-,-,-,-,-,-
England,Ravi Bopara,33,Middle-order batsman,Right-hand bat,Right-arm medium,38,35,10,71165*,28.44,599,118.69,0,3,5417,38,21,322,387,16,4/10,4/10,24.18,7.21,20.1
England,Jos Buttler,28,Wicketkeeper batsman,Right-hand bat,_,66,58,11,126073*,26.80,912,138.15,0,7,10253,66,-,-,-,-,-,-,-,-,-
England,Mason Crane,21,Bowler,Right-hand bat,Legbreak,2,-,-,--,-,-,-,-,-,--,2,2,48,62,1,1/38,1/38,62.00,7.75,48.0
England,Tom Curran,23,Bowling allrounder,Right-hand bat,Right-arm fast-medium,7,3,2,86,8.00,6,133.33,0,0,01,7,7,150,235,7,3/33,3/33,33.57,9.40,21.4
England,Liam Dawson,28,Bowler,Right-hand bat,Slow left-arm orthodox,6,2,1,1710,17.00,8,212.50,0,0,21,6,6,120,152,5,3/27,3/27,30.40,7.60,24.0
England,Joe Denly,32,Opening batsman,Right-hand bat,Legbreak,6,6,0,4020,6.66,46,86.95,0,0,50,6,2,30,28,5,4/19,4/19,5.60,5.60,6.0
England,Steven Finn,29,Bowler,Right-hand bat,Right-arm fast-medium,21,3,3,148*,-,19,73.68,0,0,10,21,21,480,583,27,3/16,3/16,21.59,7.28,17.7
England,Harry Gurney,32,Bowler,Right-hand bat,Left-arm fast-medium,2,-,-,--,-,-,-,-,-,--,2,2,48,55,3,2/26,2/26,18.33,6.87,16.0
England,Alex Hales,29,Opening batsman,Right-hand bat,Right-arm medium,57,57,7,1605116*,32.10,1178,136.24,1,8,17152,57,-,-,-,-,-,-,-,-,-
England,Chris Jordan,30,Bowler,Right-hand bat,Right-arm fast-medium,35,23,10,16827*,12.92,144,116.66,0,0,127,35,35,766,1120,40,4/28,4/28,28.00,8.77,19.1
England,Liam Livingstone,25,_,Right-hand bat,Legbreak,2,2,0,1616,8.00,19,84.21,0,0,10,2,-,-,-,-,-,-,-,-,-
England,Dawid Malan,31,Top-order batsman,Left-hand bat,Legbreak,5,5,0,25078,50.00,166,150.60,0,4,2611,5,1,12,27,1,1/27,1/27,27.00,13.50,12.0
England,Tymal Mills,26,Bowler,Right-hand bat,Left-arm fast,5,1,0,00,0.00,2,0.00,0,0,00,5,5,114,129,3,1/27,1/27,43.00,6.78,38.0
England,Eoin Morgan,32,Middle-order batsman,Left-hand bat,Right-arm medium,77,75,14,173485*,28.42,1320,131.36,0,9,12977,77,-,-,-,-,-,-,-,-,-
England,Stephen Parry,32,Bowler,Right-hand bat,Slow left-arm orthodox,5,1,0,11,1.00,1,100.00,0,0,00,5,5,96,138,3,2/33,2/33,46.00,8.62,32.0
England,Liam Plunkett,33,Bowler,Right-hand bat,Right-arm fast,20,11,4,4218,6.00,34,123.52,0,0,31,20,20,435,575,23,3/21,3/21,25.00,7.93,18.9
England,Adil Rashid,30,Bowler,Right-hand bat,Legbreak,33,14,8,479*,7.83,55,85.45,0,0,40,33,31,654,818,31,3/11,3/11,26.38,7.50,21.0
England,Joe Root,27,Top-order batsman,Right-hand bat,Right-arm offbreak,28,26,4,78790*,35.77,612,128.59,0,4,8016,28,9,84,139,6,2/9,2/9,23.16,9.92,14.0
England,Jason Roy,28,Middle-order batsman,Right-hand bat,_,32,32,0,74378,23.21,512,145.11,0,4,7535,32,-,-,-,-,-,-,-,-,-
England,Ben Stokes,27,Allrounder,Left-hand bat,Right-arm fast-medium,23,20,5,23238,15.46,178,130.33,0,0,209,23,18,334,496,10,3/26,3/26,49.60,8.91,33.4
England,Reece Topley,24,Bowler,Right-hand bat,Left-arm medium-fast,6,1,1,11*,-,2,50.00,0,0,00,6,6,103,173,5,3/24,3/24,34.60,10.07,20.6
England,James Tredwell,36,Allrounder,Left-hand bat,Right-arm offbreak,17,6,3,3222,10.66,20,160.00,0,0,41,17,15,317,416,7,1/16,1/16,59.42,7.87,45.2
England,James Vince,27,Batsman,Right-hand bat,Right-arm medium,7,7,0,19446,27.71,165,117.57,0,0,205,7,-,-,-,-,-,-,-,-,-
England,David Willey,28,Allrounder,Left-hand bat,Left-arm fast-medium,24,17,5,15229*,12.66,114,133.33,0,0,89,24,24,491,691,28,3/20,3/20,24.67,8.44,17.5
England,Chris Woakes,29,Bowler,Right-hand bat,Right-arm fast-medium,8,7,4,9137,30.33,63,144.44,0,0,45,8,8,162,253,7,2/40,2/40,36.14,9.37,23.1
England,Mark Wood,28,Bowler,Right-hand bat,Right-arm fast,4,2,2,105*,-,12,83.33,0,0,10,4,4,87,139,8,3/26,3/26,17.37,9.58,10.8
Ireland,John Anderson,36,Batsman,Right-hand bat,Right-arm offbreak,4,2,0,129,6.00,18,66.66,0,0,10,4,1,6,13,0,-,-,-,13.00,-
Ireland,Andy Balbirnie,27,Opening batsman,Right-hand bat,Right-arm offbreak,16,13,0,18974,14.53,175,108.00,0,1,231,16,-,-,-,-,-,-,-,-,-
Ireland,Peter Chase,25,Bowler,Right-hand bat,Right-arm medium-fast,6,4,3,74,7.00,13,53.84,0,0,10,6,6,132,194,9,4/35,4/35,21.55,8.81,14.6
Ireland,Alex Cusack,38,Bowler,Right-hand bat,Right-arm medium-fast,37,21,6,22965,15.26,177,129.37,0,1,176,37,33,606,714,35,4/11,4/11,20.40,7.06,17.3
Ireland,George Dockrell,26,Bowler,Right-hand bat,Slow left-arm orthodox,54,21,8,12522*,9.61,121,103.30,0,0,53,54,50,1030,1132,59,4/20,4/20,19.18,6.59,17.4
Ireland,Tyrone Kane,24,Bowler,Right-hand bat,Right-arm medium-fast,6,3,1,3626*,18.00,23,156.52,0,0,50,6,4,80,125,9,3/19,3/19,13.88,9.37,8.8
Ireland,Joshua Little,19,Allrounder,Right-hand bat,Left-arm fast,4,3,1,11*,0.50,7,14.28,0,0,00,4,4,94,124,3,2/20,2/20,41.33,7.91,31.3
Ireland,Andy McBrine,25,Bowler,Left-hand bat,Right-arm offbreak,19,11,5,7314*,12.16,70,104.28,0,0,61,19,13,174,216,13,2/7,2/7,16.61,7.44,13.3
Ireland,Graeme McCarter,26,Bowler,Right-hand bat,Right-arm medium,3,-,-,--,-,-,-,-,-,--,3,2,30,50,0,-,-,-,10.00,-
Ireland,Barry McCarthy,26,Bowler,Right-hand bat,Right-arm medium,6,3,1,1111*,5.50,7,157.14,0,0,01,6,6,144,259,10,4/33,4/33,25.90,10.79,14.4
Ireland,John Mooney,36,Allrounder,Left-hand bat,Right-arm medium,27,23,9,23131*,16.50,214,107.94,0,0,251,27,10,156,176,10,2/7,2/7,17.60,6.76,15.6
Ireland,Jacob Mulder,23,Bowler,Right-hand bat,Legbreak,8,4,2,65*,3.00,11,54.54,0,0,00,8,8,174,192,12,4/16,4/16,16.00,6.62,14.5
Ireland,Tim Murtagh,37,Bowler,Left-hand bat,Right-arm fast-medium,14,5,3,2612*,13.00,25,104.00,0,0,01,14,14,268,324,13,3/23,3/23,24.92,7.25,20.6
Ireland,Kevin O'Brien,34,Allrounder,Right-hand bat,Right-arm medium-fast,67,60,10,77542*,15.50,655,118.32,0,0,5033,67,50,891,1099,58,4/45,4/45,18.94,7.40,15.3
Ireland,Niall O'Brien,37,Wicketkeeper batsman,Left-hand bat,_,30,28,2,46650,17.92,475,98.10,0,1,407,30,-,-,-,-,-,-,-,-,-
Ireland,William Porterfield,34,Opening batsman,Left-hand bat,Right-arm offbreak,61,59,6,107972,20.35,971,111.12,0,3,12023,61,-,-,-,-,-,-,-,-,-
Ireland,Andrew Poynter,31,Batsman,Right-hand bat,Right-arm offbreak,19,14,3,21957,19.90,184,119.02,0,1,218,19,-,-,-,-,-,-,-,-,-
Ireland,Stuart Poynter,28,Wicketkeeper batsman,Right-hand bat,_,19,16,2,17039,12.14,162,104.93,0,0,173,19,-,-,-,-,-,-,-,-,-
Ireland,David Rankin,31,Opening batsman,Right-hand bat,Right-arm offbreak,2,2,0,4934,24.50,54,90.74,0,0,32,2,-,-,-,-,-,-,-,-,-
Ireland,Boyd Rankin,34,Bowler,Left-hand bat,Right-arm fast-medium,30,9,5,5316*,13.25,58,91.37,0,0,23,30,29,606,646,30,3/16,3/16,21.53,6.39,20.2
Ireland,James Shannon,28,Middle-order batsman,Right-hand bat,Right-arm offbreak,8,8,0,11160,13.87,84,132.14,0,1,125,8,1,6,11,0,-,-,-,11.00,-
Ireland,Simi Singh,31,Middle-order batsman,Right-hand bat,Right-arm offbreak,8,8,1,12357*,17.57,96,128.12,0,1,104,8,8,149,199,8,3/23,3/23,24.87,8.01,18.6
Ireland,Max Sorensen,33,Bowler,Right-hand bat,Right-arm fast-medium,26,11,6,9226,18.40,79,116.45,0,0,43,26,22,390,471,26,3/17,3/17,18.11,7.24,15.0
Ireland,Paul Stirling,28,Allrounder,Right-hand bat,Right-arm offbreak,52,51,4,118181,25.12,869,135.90,0,8,14339,52,28,420,511,15,3/21,3/21,34.06,7.30,28.0
England,Sean Terry,27,_,Right-hand bat,Right-arm offbreak,1,1,0,44,4.00,6,66.66,0,0,00,1,-,-,-,-,-,-,-,-,-
Ireland,Greg Thompson,31,Bowler,Right-hand bat,Legbreak,8,7,1,7544,12.50,78,96.15,0,0,91,8,-,-,-,-,-,-,-,-,-
Ireland,Stuart Thompson,27,Bowler,Left-hand bat,Right-arm medium-fast,28,22,5,23256,13.64,175,132.57,0,1,2010,28,18,267,379,8,3/10,3/10,47.37,8.51,33.3
Ireland,Lorcan Tucker,22,Wicketkeeper batsman,Right-hand bat,_,4,4,0,4316,10.75,42,102.38,0,0,41,4,-,-,-,-,-,-,-,-,-
Ireland,Gary Wilson,32,Wicketkeeper batsman,Right-hand bat,_,61,54,7,109565*,23.29,1035,105.79,0,3,9618,61,-,-,-,-,-,-,-,-,-
Ireland,Craig Young,28,Bowler,Right-hand bat,Right-arm fast-medium,16,3,2,42*,4.00,7,57.14,0,0,00,16,15,258,362,10,2/15,2/15,36.20,8.41,25.8
Pakistan,Aamer Yamin,28,Allrounder,Right-hand bat,Right-arm medium,2,1,1,1515*,-,6,250.00,0,0,11,2,2,36,37,2,1/12,1/12,18.50,6.16,18.0
Pakistan,Ahmed Shehzad,27,Opening batsman,Right-hand bat,Legbreak,57,57,2,1454111*,26.43,1257,115.67,1,7,15732,57,1,6,10,0,-,-,-,10.00,-
Pakistan,Asif Ali,27,Middle-order batsman,Right-hand bat,Right-arm medium-fast,16,15,6,23741*,26.33,171,138.59,0,0,1115,16,-,-,-,-,-,-,-,-,-
Pakistan,Babar Azam,24,Batsman,Right-hand bat,Right-arm offbreak,26,26,7,103197*,54.26,829,124.36,0,8,9813,26,-,-,-,-,-,-,-,-,-
Pakistan,Faheem Ashraf,24,Bowling allrounder,Left-hand bat,Right-arm medium,23,14,6,9621,12.00,79,121.51,0,0,56,23,22,367,409,21,3/5,3/5,19.47,6.68,17.4
Pakistan,Fakhar Zaman,28,Opening batsman,Left-hand bat,Slow left-arm orthodox,26,25,0,70691,28.24,505,139.80,0,4,7921,26,-,-,-,-,-,-,-,-,-
Pakistan,Haris Sohail,29,Middle-order batsman,Left-hand bat,Slow left-arm orthodox,9,8,2,9030*,15.00,87,103.44,0,0,61,9,-,-,-,-,-,-,-,-,-
Pakistan,Hasan Ali,24,Bowler,Right-hand bat,Right-arm medium-fast,27,7,4,4923,16.33,28,175.00,0,0,34,27,27,549,753,33,3/23,3/23,22.81,8.22,16.6
Pakistan,Hussain Talat,22,Allrounder,Left-hand bat,_,11,11,1,27363,27.30,232,117.67,0,1,234,11,5,30,40,4,2/12,2/12,10.00,8.00,7.5
Pakistan,Imad Wasim,29,Allrounder,Left-hand bat,Slow left-arm orthodox,31,19,8,14024*,12.72,92,152.17,0,0,107,31,31,684,687,35,5/14,5/14,19.62,6.02,19.5
Pakistan,Kamran Akmal,36,Wicketkeeper batsman,Right-hand bat,_,58,53,6,98773,21.00,825,119.63,0,5,10031,58,-,-,-,-,-,-,-,-,-
Pakistan,Khalid Latif,33,Top-order batsman,Right-hand bat,Right-arm offbreak,13,13,2,23759*,21.54,229,103.49,0,1,256,13,-,-,-,-,-,-,-,-,-
Pakistan,Mohammad Amir,26,Bowler,Left-hand bat,Left-arm fast,41,10,4,4421*,7.33,57,77.19,0,0,12,41,41,912,1039,52,4/13,4/13,19.98,6.83,17.5
Pakistan,Mohammad Hafeez,38,Allrounder,Right-hand bat,Right-arm offbreak,89,86,8,190886,24.46,1643,116.12,0,10,19651,89,67,1117,1226,54,4/10,4/10,22.70,6.58,20.6
Pakistan,Mohammad Nawaz,24,Allrounder,Left-hand bat,Slow left-arm orthodox,16,2,0,137,6.50,20,65.00,0,0,10,16,16,300,340,12,2/11,2/11,28.33,6.80,25.0
Pakistan,Mohammad Rizwan,26,Batsman,Right-hand bat,_,10,7,1,10633*,17.66,109,97.24,0,0,91,10,-,-,-,-,-,-,-,-,-
Pakistan,Rumman Raees,27,Bowler,Right-hand bat,Left-arm medium-fast,8,1,1,00*,-,0,-,0,0,00,8,8,173,220,8,2/24,2/24,27.50,7.63,21.6
Pakistan,Sahibzada Farhan,22,Middle-order batsman,Right-hand bat,_,3,3,0,4039,13.33,46,86.95,0,0,23,3,-,-,-,-,-,-,-,-,-
Pakistan,Sarfraz Ahmed,31,Wicketkeeper batsman,Right-hand bat,_,54,38,12,74589*,28.65,579,128.67,0,3,7414,54,-,-,-,-,-,-,-,-,-
Pakistan,Shadab Khan,20,Allrounder,Right-hand bat,Legbreak,29,8,2,8629,14.33,68,126.47,0,0,43,29,29,657,721,42,4/14,4/14,17.16,6.58,15.6
Pakistan,Shaheen Afridi,18,Bowler,Left-hand bat,Left-arm medium,7,-,-,--,-,-,-,-,-,--,7,7,156,203,11,3/20,3/20,18.45,7.80,14.1
Pakistan,Sharjeel Khan,29,Opening batsman,Left-hand bat,Legbreak,15,15,0,36059,24.00,262,137.40,0,2,4813,15,-,-,-,-,-,-,-,-,-
Pakistan,Shoaib Malik,36,Middle-order batsman,Right-hand bat,Right-arm offbreak,108,101,30,219075,30.84,1773,123.51,0,7,17860,108,45,534,632,28,2/7,2/7,22.57,7.10,19.0
Pakistan,Sohail Khan,34,Bowler,Right-hand bat,Right-arm fast-medium,5,1,1,11*,-,1,100.00,0,0,00,5,5,90,123,5,2/13,2/13,24.60,8.20,18.0
Pakistan,Sohail Tanvir,33,Bowler,Left-hand bat,Left-arm medium-fast,57,25,8,19641,11.52,164,119.51,0,0,169,57,57,1214,1454,54,3/12,3/12,26.92,7.18,22.4
Pakistan,Umar Akmal,28,Middle-order batsman,Right-hand bat,_,82,77,14,169094,26.82,1375,122.90,0,8,12255,82,-,-,-,-,-,-,-,-,-
Pakistan,Umar Amin,29,Top-order batsman,Left-hand bat,Right-arm medium,14,9,0,14247,15.77,123,115.44,0,0,154,14,-,-,-,-,-,-,-,-,-
Pakistan,Usman Shinwari,24,Bowler,Right-hand bat,Left-arm medium-fast,13,2,2,22*,-,3,66.66,0,0,00,13,13,234,287,10,2/4,2/4,28.70,7.35,23.4
Pakistan,Wahab Riaz,33,Bowler,Right-hand bat,Left-arm fast,27,14,4,12630*,12.60,107,117.75,0,0,95,27,27,543,723,28,3/18,3/18,25.82,7.98,19.3
Pakistan,Waqas Maqsood,31,_,Left-hand bat,Left-arm fast-medium,1,-,-,--,-,-,-,-,-,--,1,1,11,21,2,2/21,2/21,10.50,11.45,5.5
Sri Lanka,Amila Aponso,25,Bowler,Right-hand bat,Slow left-arm orthodox,3,1,0,00,0.00,2,0.00,0,0,00,3,3,60,79,4,2/29,2/29,19.75,7.90,15.0
Sri Lanka,Dushmantha Chameera,26,Bowler,Right-hand bat,Right-arm fast,19,10,6,3112,7.75,40,77.50,0,0,30,19,19,403,574,16,3/30,3/30,35.87,8.54,25.1
Sri Lanka,Dinesh Chandimal,29,Wicketkeeper batsman,Right-hand bat,Right-arm offbreak,54,47,4,80058,18.60,766,104.43,0,4,7316,54,-,-,-,-,-,-,-,-,-
Sri Lanka,Akila Dananjaya,25,Allrounder,Left-hand bat,Right-arm offbreak,16,7,3,3111*,7.75,36,86.11,0,0,30,16,16,340,425,14,2/9,2/9,30.35,7.50,24.2
Sri Lanka,Dhananjaya de Silva,27,Allrounder,Right-hand bat,Right-arm offbreak,9,9,0,21562,23.88,199,108.04,0,1,164,9,5,60,67,4,2/22,2/22,16.75,6.70,15.0
Sri Lanka,Chaturanga de Silva,28,Allrounder,Left-hand bat,Slow left-arm orthodox,2,2,0,2221,11.00,22,100.00,0,0,10,2,2,12,30,0,-,-,-,15.00,-
Sri Lanka,Niroshan Dickwella,25,Wicketkeeper batsman,Left-hand bat,_,14,13,0,25268,19.38,186,135.48,0,1,375,14,-,-,-,-,-,-,-,-,-
Sri Lanka,Nuwan Pradeep,32,Bowler,Right-hand bat,Right-arm fast-medium,9,4,3,00*,0.00,6,0.00,0,0,00,9,9,159,287,7,2/37,2/37,41.00,10.83,22.7
Sri Lanka,Vishwa Fernando,27,Bowler,Right-hand bat,Left-arm medium-fast,1,1,0,22,2.00,2,100.00,0,0,00,1,1,12,16,0,-,-,-,8.00,-
Sri Lanka,Asela Gunaratne,32,Batsman,Right-hand bat,Right-arm medium-fast,12,12,3,22584*,25.00,178,126.40,0,2,196,12,10,149,204,5,1/11,1/11,40.80,8.21,29.8
Sri Lanka,Danushka Gunathilaka,27,Allrounder,Left-hand bat,Right-arm offbreak,15,15,0,31051,20.66,248,125.00,0,1,2910,15,7,82,106,5,2/3,2/3,21.20,7.75,16.4
Sri Lanka,Suranga Lakmal,31,Bowler,Right-hand bat,Right-arm fast-medium,10,5,3,75*,3.50,8,87.50,0,0,10,10,10,184,292,7,2/26,2/26,41.71,9.52,26.2
Sri Lanka,Shehan Madushanka,23,Bowler,Right-hand bat,Right-arm fast-medium,2,-,-,--,-,-,-,-,-,--,2,2,31,62,2,2/23,2/23,31.00,12.00,15.5
Sri Lanka,Lasith Malinga,35,Bowler,Right-hand bat,Right-arm fast,69,22,8,7827,5.57,101,77.22,0,0,33,69,69,1475,1810,92,5/31,5/31,19.67,7.36,16.0
Sri Lanka,Angelo Mathews,31,Allrounder,Right-hand bat,Right-arm medium,72,57,18,105581*,27.05,893,118.14,0,5,6735,72,57,969,1101,37,3/16,3/16,29.75,6.81,26.1
Sri Lanka,Kusal Mendis,23,Wicketkeeper batsman,Right-hand bat,_,16,16,0,33370,20.81,223,149.32,0,4,2916,16,-,-,-,-,-,-,-,-,-
Sri Lanka,Jeevan Mendis,35,Allrounder,Left-hand bat,Legbreak,22,15,4,20743*,18.81,174,118.96,0,0,186,22,14,210,249,12,3/24,3/24,20.75,7.11,17.5
Sri Lanka,Kamindu Mendis,20,Bowler,Left-hand bat,Right-arm offbreak, Slow left-arm orthodox,1,1,0,2424,24.00,14,171.42,0,0,31,1,1,18,27,0,-,-,-,9.00,-
Sri Lanka,Dilshan Munaweera,29,Opening batsman,Right-hand bat,Right-arm offbreak,13,13,1,21553,17.91,164,131.09,0,1,257,13,5,60,92,1,1/26,1/26,92.00,9.20,60.0
Sri Lanka,Sachith Pathirana,29,Allrounder,Left-hand bat,Slow left-arm orthodox,5,5,0,2714,5.40,24,112.50,0,0,30,5,5,95,119,5,2/23,2/23,23.80,7.51,19.0
Sri Lanka,Kusal Perera,28,Wicketkeeper batsman,Left-hand bat,_,35,35,0,102384,29.22,743,137.68,0,10,10238,35,-,-,-,-,-,-,-,-,-
Sri Lanka,Thisara Perera,29,Allrounder,Left-hand bat,Right-arm medium-fast,75,66,21,107761,23.93,699,154.07,0,3,8357,75,62,1012,1541,50,3/24,3/24,30.82,9.13,20.2
Sri Lanka,Seekkuge Prasanna,33,Allrounder,Right-hand bat,Legbreak,20,20,6,21437*,15.28,161,132.91,0,0,1313,20,18,300,359,10,2/45,2/45,35.90,7.18,30.0
Sri Lanka,Kasun Rajitha,25,Bowler,Right-hand bat,Right-arm medium-fast,4,2,2,33*,-,12,25.00,0,0,00,4,4,84,147,4,3/29,3/29,36.75,10.50,21.0
Sri Lanka,Sadeera Samarawickrama,23,Wicketkeeper batsman,Right-hand bat,_,5,5,0,8532,17.00,80,106.25,0,0,80,5,-,-,-,-,-,-,-,-,-
Sri Lanka,Lakshan Sandakan,27,Bowler,Right-hand bat,Slow left-arm chinaman,5,1,1,11*,-,1,100.00,0,0,00,5,5,120,134,10,4/23,4/23,13.40,6.70,12.0
Sri Lanka,Dasun Shanaka,27,Allrounder,Right-hand bat,Right-arm medium,26,26,5,32954,15.66,291,113.05,0,1,2319,26,13,139,172,9,3/16,3/16,19.11,7.42,15.4
Sri Lanka,Upul Tharanga,33,Batsman,Left-hand bat,_,26,26,1,40747,16.28,330,123.33,0,0,4212,26,-,-,-,-,-,-,-,-,-
Sri Lanka,Isuru Udana,30,Allrounder,Right-hand bat,Left-arm medium-fast,18,10,5,4119*,8.20,36,113.88,0,0,41,18,18,354,497,16,3/13,3/13,31.06,8.42,22.1
Sri Lanka,Mahela Udawatte,32,Batsman,Left-hand bat,Right-arm offbreak,8,8,0,9625,12.00,87,110.34,0,0,102,8,-,-,-,-,-,-,-,-,-
Zimbabwe,Ryan Burl,24,Middle-order batsman,Left-hand bat,Legbreak,4,4,0,5730,14.25,70,81.42,0,0,30,4,4,42,70,1,1/11,1/11,70.00,10.00,42.0
Zimbabwe,Tendai Chatara,27,Bowler,Right-hand bat,Right-arm fast-medium,13,2,0,158,7.50,17,88.23,0,0,10,13,13,282,351,15,3/20,3/20,23.40,7.46,18.8
Zimbabwe,Chamu Chibhabha,32,Top-order batsman,Right-hand bat,Right-arm medium,33,32,0,62167,19.40,570,108.94,0,5,7212,33,22,323,455,14,3/18,3/18,32.50,8.45,23.0
Zimbabwe,Elton Chigumbura,32,Allrounder,Right-hand bat,Right-arm fast-medium,53,52,9,82354*,19.13,579,142.14,0,3,5848,53,21,276,427,16,4/31,4/31,26.68,9.28,17.2
Zimbabwe,Tendai Chisoro,30,Bowler,Left-hand bat,Left-arm fast-medium, Slow left-arm orthodox,12,6,2,4014*,10.00,42,95.23,0,0,22,12,12,276,316,12,3/17,3/17,26.33,6.86,23.0
Zimbabwe,Graeme Cremer,32,Bowler,Right-hand bat,Legbreak googly,29,19,6,6817,5.23,102,66.66,0,0,20,29,28,570,660,35,3/11,3/11,18.85,6.94,16.2
Zimbabwe,Kyle Jarvis,29,Bowler,Right-hand bat,Right-arm fast-medium,14,7,2,109*,2.00,28,35.71,0,0,00,14,14,287,391,17,3/15,3/15,23.00,8.17,16.8
Zimbabwe,Luke Jongwe,23,Bowler,Right-hand bat,Right-arm fast-medium,8,7,0,6034,8.57,65,92.30,0,0,41,8,7,128,211,7,2/24,2/24,30.14,9.89,18.2
Zimbabwe,Neville Madziva,27,Allrounder,Right-hand bat,Right-arm medium-fast,9,7,4,6028*,20.00,50,120.00,0,0,43,9,9,187,279,8,4/34,4/34,34.87,8.95,23.3
Zimbabwe,Timycen Maruma,30,Top-order batsman,Right-hand bat,Legbreak googly,10,10,4,8623*,14.33,83,103.61,0,0,63,10,2,18,20,1,1/8,1/8,20.00,6.66,18.0
Zimbabwe,Hamilton Masakadza,35,Top-order batsman,Right-hand bat,Right-arm medium,58,58,2,151693*,27.07,1295,117.06,0,10,13958,58,9,72,113,2,1/4,1/4,56.50,9.41,36.0
Zimbabwe,Wellington Masakadza,25,Bowler,Left-hand bat,Slow left-arm orthodox,9,6,3,256*,8.33,30,83.33,0,0,20,9,9,198,259,10,4/28,4/28,25.90,7.84,19.8
Zimbabwe,Brandon Mavuta,21,Allrounder,Right-hand bat,Legbreak,3,3,2,4128,41.00,23,178.26,0,0,32,3,3,72,81,2,1/19,1/19,40.50,6.75,36.0
Zimbabwe,Solomon Mire,29,Batsman,Right-hand bat,Right-arm medium-fast,7,7,0,24994,35.57,192,129.68,0,2,2213,7,4,48,82,1,1/15,1/15,82.00,10.25,48.0
Zimbabwe,Peter Moor,27,Middle-order batsman,Right-hand bat,Right-arm offbreak,16,14,3,23844,21.63,195,122.05,0,0,1116,16,-,-,-,-,-,-,-,-,-
Zimbabwe,Chris Mpofu,32,Bowler,Right-hand bat,Right-arm fast-medium,24,7,4,166*,5.33,30,53.33,0,0,01,24,24,515,755,20,3/16,3/16,37.75,8.79,25.7
Zimbabwe,Tarisai Musakanda,24,_,Right-hand bat,Right-arm medium, Right-arm slow-medium,6,6,0,9843,16.33,80,122.50,0,0,72,6,-,-,-,-,-,-,-,-,-
Zimbabwe,Tinotenda Mutombodzi,27,Allrounder,Right-hand bat,Legbreak googly,5,5,1,1812*,4.50,24,75.00,0,0,10,5,3,60,81,2,2/28,2/28,40.50,8.10,30.0
Zimbabwe,Richmond Mutumbami,29,Wicketkeeper batsman,Right-hand bat,Right-arm offbreak,14,14,3,17343,15.72,168,102.97,0,0,118,14,-,-,-,-,-,-,-,-,-
Zimbabwe,Blessing Muzarabani,22,Bowler,Right-hand bat,Right-arm fast-medium,6,3,2,11*,1.00,5,20.00,0,0,00,6,6,144,220,9,3/21,3/21,24.44,9.16,16.0
Zimbabwe,Taurai Muzarabani,31,Bowler,Right-hand bat,Right-arm fast-medium,9,1,1,00*,-,2,0.00,0,0,00,9,9,180,280,6,2/31,2/31,46.66,9.33,30.0
Zimbabwe,John Nyumbu,33,Bowler,Right-hand bat,Right-arm offbreak,2,2,2,76*,-,11,63.63,0,0,10,2,2,36,76,0,-,-,-,12.66,-
Zimbabwe,Tinashe Panyangara,33,Bowler,Right-hand bat,Right-arm fast-medium,14,5,4,2317*,23.00,17,135.29,0,0,12,14,14,303,398,20,4/37,4/37,19.90,7.88,15.1
Zimbabwe,Vusi Sibanda,35,Opening batsman,Right-hand bat,Right-arm medium, Right-arm offbreak,26,26,1,51159,20.44,503,101.59,0,1,5211,26,-,-,-,-,-,-,-,-,-
Zimbabwe,Sikandar Raza,32,Batting allrounder,Right-hand bat,Right-arm offbreak,28,27,0,38259,14.14,357,107.00,0,1,337,28,19,222,308,9,2/7,2/7,34.22,8.32,24.6
Zimbabwe,Brendan Taylor,32,Wicketkeeper batsman,Right-hand bat,Right-arm offbreak,30,30,5,66075*,26.40,565,116.81,0,5,5818,30,2,30,17,1,1/16,1/16,17.00,3.40,30.0
Zimbabwe,Donald Tiripano,30,Bowler,Right-hand bat,Right-arm fast-medium,9,5,2,1511*,5.00,22,68.18,0,0,01,9,9,195,245,11,3/20,3/20,22.27,7.53,17.7
Zimbabwe,Malcolm Waller,34,Batsman,Right-hand bat,Right-arm offbreak,32,31,8,61368,26.65,443,138.37,0,1,4228,32,3,30,42,0,-,-,-,8.40,-
Zimbabwe,Sean Williams,32,Middle-order batsman,Left-hand bat,Slow left-arm orthodox,26,26,2,56358*,23.45,459,122.65,0,3,5211,26,25,486,585,19,3/15,3/15,30.78,7.22,25.5
Zimbabwe,Cephas Zhuwao,33,Batsman,Left-hand bat,Slow left-arm orthodox,7,7,0,4824,6.85,66,72.72,0,0,71,7,1,2,1,1,1/1,1/1,1.00,3.00,2.0
Afghanistan,Afsar Zazai,25,Wicketkeeper batsman,Right-hand bat,_,1,1,0,99,9.00,21,42.85,0,0,00,1,-,-,-,-,-,-,-,-,-
Afghanistan,Aftab Alam,25,Bowler,Right-hand bat,Right-arm medium-fast,12,5,3,21*,1.00,9,22.22,0,0,00,12,12,245,324,11,2/23,2/23,29.45,7.93,22.2
Afghanistan,Amir Hamza,27,Bowler,Right-hand bat,Slow left-arm orthodox,31,9,5,4021,10.00,38,105.26,0,0,31,31,31,636,716,29,3/39,3/39,24.68,6.75,21.9
Afghanistan,Asghar Afghan,30,Middle-order batsman,Right-hand bat,Right-arm medium-fast,56,51,4,103162,21.93,966,106.72,0,3,6052,56,1,4,4,1,1/4,1/4,4.00,6.00,4.0
Afghanistan,Dawlat Zadran,30,Bowler,Right-hand bat,Right-arm fast-medium,33,16,7,6813,7.55,42,161.90,0,0,46,33,33,720,953,39,4/44,4/44,24.43,7.94,18.4
Afghanistan,Fareed Ahmad,24,Bowler,Left-hand bat,Left-arm fast-medium,9,-,-,--,-,-,-,-,-,--,9,9,198,241,13,3/35,3/35,18.53,7.30,15.2
Afghanistan,Gulbadin Naib,27,Bowler,Right-hand bat,Right-arm medium-fast,38,31,9,43256*,19.63,357,121.00,0,1,3120,38,21,264,394,9,2/24,2/24,43.77,8.95,29.3
Afghanistan,Hamid Hassan,31,Bowler,Right-hand bat,Right-arm fast,22,9,6,5022,16.66,46,108.69,0,0,32,22,22,478,523,32,4/22,4/22,16.34,6.56,14.9
Afghanistan,Hazratullah Zazai,20,Opening batsman,Left-hand bat,Slow left-arm orthodox,3,3,0,17482,58.00,111,156.75,0,2,1513,3,-,-,-,-,-,-,-,-,-
Afghanistan,Javed Ahmadi,26,Top-order batsman,Right-hand bat,Right-arm offbreak,3,2,0,66,3.00,7,85.71,0,0,10,3,-,-,-,-,-,-,-,-,-
Afghanistan,Karim Janat,20,Bowling allrounder,Right-hand bat,Right-arm medium,14,8,1,10925,15.57,103,105.82,0,0,66,14,14,294,424,15,3/24,3/24,28.26,8.65,19.6
Afghanistan,Karim Sadiq,34,Opening batsman,Right-hand bat,Right-arm offbreak,36,36,0,53872,14.94,493,109.12,0,1,6110,36,28,420,482,14,3/17,3/17,34.42,6.88,30.0
Afghanistan,Mirwais Ashraf,30,Bowler,Right-hand bat,Right-arm fast-medium,25,19,8,12828*,11.63,115,111.30,0,0,58,25,22,392,444,14,2/6,2/6,31.71,6.79,28.0
Afghanistan,Mohammad Nabi,33,Allrounder,Right-hand bat,Right-arm offbreak,65,60,9,101489,19.88,719,141.02,0,2,6656,65,65,1366,1625,67,4/10,4/10,24.25,7.13,20.3
Afghanistan,Mohammad Shahzad,30,Wicketkeeper batsman,Right-hand bat,_,65,65,3,1936118*,31.22,1436,134.81,1,12,21872,65,-,-,-,-,-,-,-,-,-
Afghanistan,Mujeeb Ur Rahman,17,Bowler,Right-hand bat,Right-arm offbreak,7,2,2,00*,-,0,-,0,0,00,7,7,162,137,9,3/17,3/17,15.22,5.07,18.0
Afghanistan,Najeeb Tarakai,27,Opening batsman,Right-hand bat,Right-arm offbreak,9,9,0,21690,24.00,166,130.12,0,1,1910,9,-,-,-,-,-,-,-,-,-
Afghanistan,Najibullah Zadran,25,Middle-order batsman,Left-hand bat,Right-arm offbreak,47,38,14,71160*,29.62,496,143.34,0,2,4637,47,-,-,-,-,-,-,-,-,-
Afghanistan,Mohammad Nasim Baras,25,Bowler,Left-hand bat,Slow left-arm orthodox,3,1,0,11,1.00,2,50.00,0,0,00,3,3,48,56,2,1/11,1/11,28.00,7.00,24.0
Afghanistan,Nawroz Mangal,34,Top-order batsman,Right-hand bat,Right-arm offbreak,32,32,4,50565*,18.03,453,111.47,0,2,4219,32,6,60,80,4,3/23,3/23,20.00,8.00,15.0
Afghanistan,Noor Ali Zadran,30,Opening batsman,Right-hand bat,Right-arm medium-fast,20,20,1,50663,26.63,497,101.81,0,3,456,20,-,-,-,-,-,-,-,-,-
Afghanistan,Rashid Khan,20,Bowler,Right-hand bat,Legbreak googly,35,16,7,11633,12.88,92,126.08,0,0,88,35,35,792,794,64,5/3,5/3,12.40,6.01,12.3
Afghanistan,Rokhan Barakzai,29,Bowler,Left-hand bat,Slow left-arm orthodox,3,-,-,--,-,-,-,-,-,--,3,3,60,75,6,2/21,2/21,12.50,7.50,10.0
Afghanistan,Samiullah Shinwari,30,Allrounder,Right-hand bat,Legbreak,60,54,10,96861,22.00,810,119.50,0,2,7037,60,37,622,660,28,5/13,5/13,23.57,6.36,22.2
Afghanistan,Sayed Shirzad,24,Bowler,Left-hand bat,Left-arm medium,3,1,0,11,1.00,2,50.00,0,0,00,3,3,66,74,7,3/16,3/16,10.57,6.72,9.4
Afghanistan,Shafiqullah,29,Wicketkeeper batsman,Right-hand bat,_,41,38,11,43651*,16.14,300,145.33,0,1,3127,41,-,-,-,-,-,-,-,-,-
Afghanistan,Shapoor Zadran,31,Bowler,Left-hand bat,Left-arm fast-medium,34,13,6,2713,3.85,65,41.53,0,0,03,34,34,647,843,35,3/40,3/40,24.08,7.81,18.4
Afghanistan,Sharafuddin Ashraf,23,Allrounder,Right-hand bat,Slow left-arm orthodox,6,2,0,1918,9.50,18,105.55,0,0,11,6,6,120,156,5,3/27,3/27,31.20,7.80,24.0
Afghanistan,Usman Ghani,22,Opening batsman,Right-hand bat,_,17,17,1,35969,22.43,350,102.57,0,2,359,17,-,-,-,-,-,-,-,-,-
Afghanistan,Yamin Ahmadzai,26,Bowler,Right-hand bat,Right-arm medium-fast,2,1,1,11*,-,1,100.00,0,0,00,2,2,43,65,5,3/34,3/34,13.00,9.06,8.6
Bangladesh,Abu Hider,22,Bowler,Right-hand bat,Left-arm fast-medium,10,3,2,3521*,35.00,24,145.83,0,0,23,10,9,174,243,5,2/40,2/40,48.60,8.37,34.8
Bangladesh,Abu Jayed,25,Bowler,Right-hand bat,Right-arm fast-medium,3,2,0,32,1.50,7,42.85,0,0,00,3,3,66,106,4,2/27,2/27,26.50,9.63,16.5
Bangladesh,Abul Hasan,26,Bowler,Left-hand bat,Right-arm medium-fast,5,2,0,149,7.00,11,127.27,0,0,20,5,5,84,148,4,2/33,2/33,37.00,10.57,21.0
Bangladesh,Afif Hossain,19,Allrounder,Left-hand bat,Right-arm offbreak,1,1,0,00,0.00,2,0.00,0,0,00,1,1,12,26,1,1/26,1/26,26.00,13.00,12.0
Bangladesh,Al-Amin Hossain,28,Bowler,Right-hand bat,Right-arm medium-fast,25,5,3,75*,3.50,12,58.33,0,0,10,25,23,476,592,39,3/20,3/20,15.17,7.46,12.2
Bangladesh,Arafat Sunny,32,Bowler,Left-hand bat,Slow left-arm orthodox,10,6,3,3410,11.33,30,113.33,0,0,31,10,10,186,230,12,2/17,2/17,19.16,7.41,15.5
Bangladesh,Ariful Haque,26,Allrounder,Right-hand bat,Right-arm medium-fast,6,6,4,4218*,21.00,42,100.00,0,0,20,6,1,6,13,1,1/13,1/13,13.00,13.00,6.0
Bangladesh,Imrul Kayes,31,Opening batsman,Left-hand bat,_,14,13,0,11936,9.15,134,88.80,0,0,143,14,-,-,-,-,-,-,-,-,-
Bangladesh,Liton Das,24,Wicketkeeper batsman,Right-hand bat,_,15,15,0,28261,18.80,215,131.16,0,1,2212,15,-,-,-,-,-,-,-,-,-
Bangladesh,Mahedi Hasan,23,Top-order batsman,Right-hand bat,Right-arm offbreak,1,1,0,1111,11.00,11,100.00,0,0,10,1,1,12,25,0,-,-,-,12.50,-
Bangladesh,Mahmudullah,32,Allrounder,Right-hand bat,Right-arm offbreak,73,66,14,118564*,22.78,975,121.53,0,3,9042,73,48,655,800,26,2/1,2/1,30.76,7.32,25.1
Bangladesh,Mashrafe Mortaza,35,Bowler,Right-hand bat,Right-arm fast-medium,54,39,11,37736,13.46,277,136.10,0,0,2823,54,53,1139,1527,42,4/19,4/19,36.35,8.04,27.1
Bangladesh,Mehidy Hasan,21,Allrounder,Right-hand bat,Right-arm offbreak,10,9,2,6719*,9.57,51,131.37,0,0,53,10,10,174,244,3,2/31,2/31,81.33,8.41,58.0
Bangladesh,Mohammad Mithun,27,Top-order batsman,Right-hand bat,_,13,9,0,9047,10.00,96,93.75,0,0,73,13,-,-,-,-,-,-,-,-,-
Bangladesh,Mohammad Saifuddin,22,Bowling allrounder,Left-hand bat,Right-arm medium-fast,6,4,1,8839*,29.33,79,111.39,0,0,63,6,6,108,199,4,2/53,2/53,49.75,11.05,27.0
Bangladesh,Mosaddek Hossain,22,Middle-order batsman,Right-hand bat,Right-arm offbreak,8,8,1,11334*,16.14,115,98.26,0,0,83,8,7,88,99,4,2/21,2/21,24.75,6.75,22.0
Bangladesh,Mushfiqur Rahim,31,Wicketkeeper batsman,Right-hand bat,_,74,66,12,113172*,20.94,944,119.80,0,4,9728,74,-,-,-,-,-,-,-,-,-
Bangladesh,Mustafizur Rahman,23,Bowler,Left-hand bat,Left-arm fast-medium,27,11,5,208,3.33,36,55.55,0,0,11,27,27,609,750,43,5/22,5/22,17.44,7.38,14.1
Bangladesh,Nazmul Islam,26,Bowler,Left-hand bat,Slow left-arm orthodox,13,4,3,187,18.00,17,105.88,0,0,20,13,12,231,265,8,3/28,3/28,33.12,6.88,28.8
Bangladesh,Nurul Hasan,25,Allrounder,Right-hand bat,_,9,8,4,7830*,19.50,63,123.80,0,0,90,9,-,-,-,-,-,-,-,-,-
Bangladesh,Rubel Hossain,28,Bowler,Right-hand bat,Right-arm fast,27,14,9,178*,3.40,30,56.66,0,0,10,27,26,567,879,28,3/31,3/31,31.39,9.30,20.2
Bangladesh,Sabbir Rahman,27,Middle-order batsman,Right-hand bat,Legbreak,41,40,5,90680,25.88,739,122.59,0,4,8728,41,8,67,70,6,3/11,3/11,11.66,6.26,11.1
Bangladesh,Saqlain Sajib,29,Bowler,Left-hand bat,Slow left-arm orthodox,1,-,-,--,-,-,-,-,-,--,1,1,21,40,0,-,-,-,11.42,-
Bangladesh,Shafiul Islam,29,Bowler,Right-hand bat,Right-arm fast-medium,12,5,1,1916,4.75,27,70.37,0,0,11,12,12,232,308,8,2/19,2/19,38.50,7.96,29.0
Bangladesh,Shakib Al Hasan,31,Allrounder,Left-hand bat,Slow left-arm orthodox,69,69,8,136884,22.42,1126,121.49,0,7,13929,69,68,1500,1686,80,4/15,4/15,21.07,6.74,18.7
Bangladesh,Shuvagata Hom,32,Batting allrounder,Right-hand bat,Right-arm offbreak,5,4,2,3516*,17.50,35,100.00,0,0,31,5,4,66,71,2,1/18,1/18,35.50,6.45,33.0
Bangladesh,Soumya Sarkar,25,Middle-order batsman,Left-hand bat,Right-arm medium-fast,38,38,0,67251,17.68,548,122.62,0,1,7423,38,10,93,173,4,1/18,1/18,43.25,11.16,23.2
Bangladesh,Tamim Iqbal,29,Opening batsman,Left-hand bat,_,72,72,5,1585103*,23.65,1354,117.06,1,6,17340,72,-,-,-,-,-,-,-,-,-
Bangladesh,Taskin Ahmed,23,Bowler,Left-hand bat,Right-arm fast,19,6,3,2915*,9.66,31,93.54,0,0,31,19,17,335,438,12,2/32,2/32,36.50,7.84,27.9
Bangladesh,Zakir Hasan,20,Wicketkeeper batsman,Left-hand bat,_,1,1,0,1010,10.00,9,111.11,0,0,10,1,-,-,-,-,-,-,-,-,-
India,Khaleel Ahmed,20,Bowler,Right-hand bat,Left-arm medium,6,-,-,--,-,-,-,-,-,--,6,6,138,199,6,2/30,2/30,33.16,8.65,23.0
India,Ravichandran Ashwin,32,Bowling allrounder,Right-hand bat,Right-arm offbreak,46,11,7,12331*,30.75,115,106.95,0,0,141,46,46,1026,1193,52,4/8,4/8,22.94,6.97,19.7
India,Jasprit Bumrah,24,Bowler,Right-hand bat,Right-arm fast-medium,40,6,4,87,4.00,13,61.53,0,0,10,40,40,871,983,48,3/11,3/11,20.47,6.77,18.1
India,Yuzvendra Chahal,28,Bowler,Right-hand bat,Legbreak googly,27,1,1,33*,-,2,150.00,0,0,00,27,27,633,825,44,6/25,6/25,18.75,7.81,14.3
India,Deepak Chahar,26,Bowler,Right-hand bat,Right-arm medium,1,-,-,--,-,-,-,-,-,--,1,1,24,43,1,1/43,1/43,43.00,10.75,24.0
India,Shikhar Dhawan,32,Opening batsman,Left-hand bat,Right-arm offbreak,46,45,3,123292,29.33,927,132.90,0,9,13839,46,-,-,-,-,-,-,-,-,-
India,MS Dhoni,37,Wicketkeeper batsman,Right-hand bat,Right-arm medium,93,80,40,148756,37.17,1170,127.09,0,2,10747,93,-,-,-,-,-,-,-,-,-
India,Shreyas Iyer,23,Top-order batsman,Right-hand bat,Legbreak googly,6,5,0,8330,16.60,80,103.75,0,0,81,6,-,-,-,-,-,-,-,-,-
India,Ravindra Jadeja,29,Allrounder,Left-hand bat,Slow left-arm orthodox,40,18,6,11625,9.66,124,93.54,0,0,62,40,40,811,983,31,3/48,3/48,31.70,7.27,26.1
India,Kedar Jadhav,33,Batting allrounder,Right-hand bat,Right-arm offbreak,9,6,0,12258,20.33,99,123.23,0,1,123,9,-,-,-,-,-,-,-,-,-
India,Dinesh Karthik,33,Wicketkeeper batsman,Right-hand bat,_,27,22,12,35248,35.20,250,140.80,0,0,4011,27,-,-,-,-,-,-,-,-,-
India,Siddarth Kaul,28,Bowler,Right-hand bat,Right-arm medium,2,-,-,--,-,-,-,-,-,--,2,2,36,39,3,2/35,2/35,13.00,6.50,12.0
India,Virat Kohli,30,Top-order batsman,Right-hand bat,Right-arm medium,65,60,16,216790*,49.25,1592,136.11,0,19,21848,65,12,146,198,4,1/13,1/13,49.50,8.13,36.5
India,Kuldeep Yadav,23,Bowler,Left-hand bat,Slow left-arm chinaman,17,2,1,2016,20.00,20,100.00,0,0,20,17,17,381,428,33,5/24,5/24,12.96,6.74,11.5
India,Bhuvneshwar Kumar,28,Bowler,Right-hand bat,Right-arm medium,34,8,5,229,7.33,26,84.61,0,0,00,34,34,728,817,33,5/24,5/24,24.75,6.73,22.0
India,Mohammed Siraj,24,Bowler,Right-hand bat,Right-arm medium-fast,3,-,-,--,-,-,-,-,-,--,3,3,72,148,3,1/45,1/45,49.33,12.33,24.0
India,Ashish Nehra,39,Bowler,Right-hand bat,Left-arm medium-fast,27,5,0,2822,5.60,39,71.79,0,0,12,27,27,588,758,34,3/19,3/19,22.29,7.73,17.2
India,Manish Pandey,29,Top-order batsman,Right-hand bat,Right-arm medium,28,23,10,53879*,41.38,438,122.83,0,2,3516,28,-,-,-,-,-,-,-,-,-
India,Hardik Pandya,25,Allrounder,Right-hand bat,Right-arm medium-fast,35,22,6,27133*,16.93,177,153.10,0,0,1517,35,34,593,791,33,4/38,4/38,23.96,8.00,17.9
India,Krunal Pandya,27,Allrounder,Left-hand bat,Slow left-arm orthodox,6,2,1,2321*,23.00,13,176.92,0,0,30,6,6,144,195,6,4/36,4/36,32.50,8.12,24.0
India,Rishabh Pant,21,Wicketkeeper batsman,Left-hand bat,_,10,9,1,15758,19.62,134,117.16,0,1,126,10,-,-,-,-,-,-,-,-,-
India,Axar Patel,24,Bowling allrounder,Left-hand bat,Slow left-arm orthodox,11,7,3,6820*,17.00,54,125.92,0,0,33,11,11,234,265,9,3/17,3/17,29.44,6.79,26.0
India,Lokesh Rahul,26,Opening batsman,Right-hand bat,_,25,22,4,782110*,43.44,527,148.38,2,4,6736,25,-,-,-,-,-,-,-,-,-
India,Suresh Raina,31,Middle-order batsman,Left-hand bat,Right-arm offbreak,78,66,11,1605101,29.18,1190,134.87,1,5,14558,78,27,349,442,13,2/6,2/6,34.00,7.59,26.8
India,Vijay Shankar,27,Allrounder,Right-hand bat,Right-arm medium,5,1,0,1717,17.00,19,89.47,0,0,30,5,5,102,153,3,2/32,2/32,51.00,9.00,34.0
India,Rohit Sharma,31,Top-order batsman,Right-hand bat,Right-arm offbreak,90,82,14,2237118,32.89,1619,138.17,4,15,20198,90,9,68,113,1,1/22,1/22,113.00,9.97,68.0
India,Shardul Thakur,27,Bowler,Right-hand bat,Right-arm medium,7,-,-,--,-,-,-,-,-,--,7,7,165,242,8,4/27,4/27,30.25,8.80,20.6
India,Jaydev Unadkat,27,Bowler,Right-hand bat,Left-arm medium,10,-,-,--,-,-,-,-,-,--,10,10,208,301,14,3/38,3/38,21.50,8.68,14.8
India,Washington Sundar,19,Bowling allrounder,Left-hand bat,Right-arm offbreak,7,1,1,00*,-,0,-,0,0,00,7,7,168,169,10,3/22,3/22,16.90,6.03,16.8
India,Umesh Yadav,31,Bowler,Right-hand bat,Right-arm fast-medium,6,-,-,--,-,-,-,-,-,--,6,6,126,184,9,2/19,2/19,20.44,8.76,14.0
New Zealand,Corey Anderson,27,Batting allrounder,Left-hand bat,Left-arm medium-fast,31,24,4,48594*,24.25,351,138.17,0,2,3026,31,21,360,495,14,2/17,2/17,35.35,8.25,25.7
New Zealand,Tom Blundell,28,Wicketkeeper batsman,Right-hand bat,Right-arm offbreak,3,2,1,1714,17.00,21,80.95,0,0,00,3,-,-,-,-,-,-,-,-,-
New Zealand,Trent Boult,29,Bowler,Right-hand bat,Left-arm fast-medium,25,7,3,145,3.50,24,58.33,0,0,00,25,25,551,784,37,4/34,4/34,21.18,8.53,14.8
New Zealand,Doug Bracewell,28,Bowler,Right-hand bat,Right-arm fast-medium,17,9,5,7721*,19.25,57,135.08,0,0,54,17,15,274,418,19,3/25,3/25,22.00,9.15,14.4
New Zealand,Neil Broom,35,Middle-order batsman,Right-hand bat,Right-arm medium,11,7,1,7336,12.16,68,107.35,0,0,81,11,-,-,-,-,-,-,-,-,-
New Zealand,Tom Bruce,27,Top-order batsman,Right-hand bat,Right-arm offbreak,14,14,2,22659*,18.83,176,128.40,0,1,217,14,-,-,-,-,-,-,-,-,-
New Zealand,Mark Chapman,24,Allrounder,Left-hand bat,Slow left-arm orthodox,24,23,2,47563*,22.61,416,114.18,0,1,3813,24,4,60,77,3,1/10,1/10,25.66,7.70,20.0
New Zealand,Colin de Grandhomme,32,Allrounder,Right-hand bat,Right-arm fast-medium,22,20,7,17841*,13.69,129,137.98,0,0,911,22,16,263,391,10,2/22,2/22,39.10,8.92,26.3
New Zealand,Grant Elliott,39,Allrounder,Right-hand bat,Right-arm medium,17,15,4,17127,15.54,157,108.91,0,0,122,17,15,192,235,14,4/22,4/22,16.78,7.34,13.7
New Zealand,Lockie Ferguson,27,Bowler,Right-hand bat,Right-arm fast,2,1,0,11,1.00,3,33.33,0,0,00,2,2,48,61,4,3/32,3/32,15.25,7.62,12.0
New Zealand,Martin Guptill,32,Opening batsman,Right-hand bat,Right-arm offbreak,75,73,7,2271105,34.40,1709,132.88,2,14,200103,75,1,6,11,0,-,-,-,11.00,-
New Zealand,Matt Henry,26,Bowler,Right-hand bat,Right-arm fast-medium,6,2,1,1010,10.00,5,200.00,0,0,20,6,6,132,191,7,3/44,3/44,27.28,8.68,18.8
New Zealand,Anaru Kitchen,34,Middle-order batsman,Right-hand bat,Slow left-arm orthodox,5,4,1,3816,12.66,32,118.75,0,0,31,5,3,36,46,2,1/3,1/3,23.00,7.66,18.0
New Zealand,Tom Latham,26,Wicketkeeper batsman,Left-hand bat,Right-arm medium,13,10,0,16339,16.30,157,103.82,0,0,122,13,-,-,-,-,-,-,-,-,-
New Zealand,Mitchell McClenaghan,32,Bowler,Left-hand bat,Left-arm fast-medium,29,8,4,2410,6.00,23,104.34,0,0,12,29,29,608,789,30,3/17,3/17,26.30,7.78,20.2
New Zealand,Adam Milne,26,Bowler,Right-hand bat,Right-arm fast,21,8,8,2110*,-,23,91.30,0,0,10,21,21,437,541,25,4/37,4/37,21.64,7.42,17.4
New Zealand,Colin Munro,31,Middle-order batsman,Left-hand bat,Right-arm medium-fast,48,45,7,1277109*,33.60,792,161.23,3,8,9583,48,12,118,186,4,1/12,1/12,46.50,9.45,29.5
New Zealand,James Neesham,28,Batting allrounder,Left-hand bat,Right-arm medium,15,12,3,12228,13.55,93,131.18,0,0,153,15,13,196,259,11,3/16,3/16,23.54,7.92,17.8
New Zealand,Henry Nicholls,27,Top-order batsman,Left-hand bat,Right-arm offbreak,4,3,0,157,5.00,22,68.18,0,0,20,4,-,-,-,-,-,-,-,-,-
New Zealand,Ajaz Patel,30,_,Left-hand bat,Slow left-arm orthodox,2,-,-,--,-,-,-,-,-,--,2,2,36,45,1,1/27,1/27,45.00,7.50,36.0
New Zealand,Glenn Phillips,21,Wicketkeeper batsman,Right-hand bat,_,11,10,1,14056,15.55,140,100.00,0,1,95,11,-,-,-,-,-,-,-,-,-
New Zealand,Seth Rance,31,Bowler,Right-hand bat,Right-arm medium,5,2,0,21,1.00,4,50.00,0,0,00,5,4,96,125,7,3/26,3/26,17.85,7.81,13.7
New Zealand,Luke Ronchi,37,Wicketkeeper batsman,Right-hand bat,_,33,26,6,35951*,17.95,256,140.23,0,1,3014,33,-,-,-,-,-,-,-,-,-
New Zealand,Mitchell Santner,26,Bowling allrounder,Left-hand bat,Slow left-arm orthodox,27,17,6,17037,15.45,132,128.78,0,0,155,27,26,521,620,29,4/11,4/11,21.37,7.14,17.9
New Zealand,Tim Seifert,23,_,Right-hand bat,_,7,6,1,4014*,8.00,29,137.93,0,0,24,7,-,-,-,-,-,-,-,-,-
New Zealand,Ish Sodhi,26,Bowler,Right-hand bat,Legbreak,29,6,3,5015,16.66,49,102.04,0,0,42,29,28,622,781,37,3/18,3/18,21.10,7.53,16.8
New Zealand,Tim Southee,29,Bowler,Right-hand bat,Right-arm medium-fast,54,23,7,13223,8.25,96,137.50,0,0,127,54,52,1140,1629,63,5/18,5/18,25.85,8.57,18.0
New Zealand,Ross Taylor,34,Middle-order batsman,Right-hand bat,Right-arm offbreak,84,76,18,146763,25.29,1210,121.23,0,5,9455,84,-,-,-,-,-,-,-,-,-
New Zealand,Ben Wheeler,27,Bowler,Right-hand bat,Left-arm medium-fast,6,4,2,3730,18.50,28,132.14,0,0,32,6,6,128,216,7,2/16,2/16,30.85,10.12,18.2
New Zealand,Kane Williamson,28,Top-order batsman,Right-hand bat,Right-arm offbreak,54,52,7,142473*,31.64,1176,121.08,0,9,15223,54,12,118,164,6,2/16,2/16,27.33,8.33,19.6
South Africa,Hashim Amla,35,Top-order batsman,Right-hand bat,Right-arm medium, Right-arm offbreak,44,44,6,127797*,33.60,967,132.05,0,8,14626,44,-,-,-,-,-,-,-,-,-
South Africa,Farhaan Behardien,35,Batting allrounder,Right-hand bat,Right-arm fast-medium,38,30,14,51864*,32.37,404,128.21,0,1,3716,38,3,30,27,3,2/15,2/15,9.00,5.40,10.0
South Africa,Gihahn Cloete,26,_,Left-hand bat,Right-arm offbreak,1,1,0,22,2.00,3,66.66,0,0,00,1,-,-,-,-,-,-,-,-,-
South Africa,Junior Dala,28,Bowler,Right-hand bat,Right-arm medium,5,3,3,1412*,-,21,66.66,0,0,10,5,5,114,157,11,3/35,3/35,14.27,8.26,10.3
South Africa,Theunis de Bruyn,26,Middle-order batsman,Right-hand bat,Right-arm medium-fast,2,2,0,2619,13.00,16,162.50,0,0,31,2,-,-,-,-,-,-,-,-,-
South Africa,Quinton de Kock,25,Wicketkeeper batsman,Left-hand bat,_,35,35,4,87459,28.19,681,128.34,0,2,10127,35,-,-,-,-,-,-,-,-,-
South Africa,AB de Villiers,34,Wicketkeeper batsman,Right-hand bat,Right-arm medium,78,75,11,167279*,26.12,1237,135.16,0,10,14060,78,-,-,-,-,-,-,-,-,-
South Africa,Jean-Paul Duminy,34,Batting allrounder,Left-hand bat,Right-arm offbreak,78,72,23,185896*,37.91,1494,124.36,0,11,13366,78,40,457,581,21,3/18,3/18,27.66,7.62,21.7
South Africa,Faf du Plessis,34,Middle-order batsman,Right-hand bat,Legbreak,42,42,6,1264119,35.11,938,134.75,1,7,11840,42,2,8,3,0,-,-,-,2.25,-
South Africa,Robbie Frylinck,34,Allrounder,Right-hand bat,Right-arm medium,3,-,-,--,-,-,-,-,-,--,3,3,60,62,5,2/20,2/20,12.40,6.20,12.0
South Africa,Beuran Hendricks,28,Bowler,Left-hand bat,Left-arm fast-medium,7,2,1,1512*,15.00,15,100.00,0,0,01,7,7,139,219,8,2/31,2/31,27.37,9.45,17.3
South Africa,Reeza Hendricks,29,Opening batsman,Right-hand bat,Right-arm medium-fast,14,14,0,31370,22.35,270,115.92,0,1,364,14,-,-,-,-,-,-,-,-,-
South Africa,Imran Tahir,39,Bowler,Right-hand bat,Legbreak googly,37,3,2,189*,18.00,17,105.88,0,0,11,37,37,821,927,62,5/23,5/23,14.95,6.77,13.2
South Africa,Christiaan Jonker,32,Middle-order batsman,Right-hand bat,Right-arm medium-fast,2,2,0,5749,28.50,29,196.55,0,0,53,2,-,-,-,-,-,-,-,-,-
South Africa,Heinrich Klaasen,27,Wicketkeeper batsman,Right-hand bat,_,6,6,0,14469,24.00,85,169.41,0,1,811,6,-,-,-,-,-,-,-,-,-
South Africa,Heino Kuhn,34,Wicketkeeper batsman,Right-hand bat,_,7,6,2,4929,12.25,42,116.66,0,0,32,7,-,-,-,-,-,-,-,-,-
South Africa,David Miller,29,Middle-order batsman,Left-hand bat,Right-arm offbreak,64,56,16,1153101*,28.82,838,137.58,1,1,7950,64,-,-,-,-,-,-,-,-,-
South Africa,Morne Morkel,34,Bowler,Left-hand bat,Right-arm fast,44,8,5,228*,7.33,18,122.22,0,0,31,44,44,952,1191,47,4/17,4/17,25.34,7.50,20.2
South Africa,Chris Morris,31,Bowling allrounder,Right-hand bat,Right-arm fast-medium,18,11,3,7717*,9.62,71,108.45,0,0,72,18,18,390,541,25,4/27,4/27,21.64,8.32,15.6
South Africa,Mangaliso Mosehle,28,Wicketkeeper batsman,Right-hand bat,_,7,6,1,10536,21.00,65,161.53,0,0,69,7,-,-,-,-,-,-,-,-,-
South Africa,Lungi Ngidi,22,Bowler,Right-hand bat,Right-arm fast,7,2,1,64,6.00,9,66.66,0,0,00,7,7,120,128,11,4/19,4/19,11.63,6.40,10.9
South Africa,Wayne Parnell,29,Bowler,Left-hand bat,Left-arm medium-fast,40,13,9,11429*,28.50,96,118.75,0,0,103,40,39,749,1038,41,4/13,4/13,25.31,8.31,18.2
South Africa,Dane Paterson,29,Bowler,Right-hand bat,Right-arm fast,8,2,1,54*,5.00,2,250.00,0,0,10,8,8,179,265,9,4/32,4/32,29.44,8.88,19.8
South Africa,Aaron Phangiso,34,Bowler,Right-hand bat,Slow left-arm orthodox,16,3,0,1913,6.33,29,65.51,0,0,10,16,16,342,443,20,3/25,3/25,22.15,7.77,17.1
South Africa,Andile Phehlukwayo,22,Bowler,Left-hand bat,Right-arm fast-medium,16,7,3,4627*,11.50,45,102.22,0,0,60,16,15,263,349,16,3/19,3/19,21.81,7.96,16.4
South Africa,Dwaine Pretorius,29,Bowler,Right-hand bat,Right-arm medium-fast,2,-,-,--,-,-,-,-,-,--,2,2,30,47,1,1/27,1/27,47.00,9.40,30.0
South Africa,Kagiso Rabada,23,Bowler,Left-hand bat,Right-arm fast,18,3,2,55*,5.00,8,62.50,0,0,00,18,18,398,543,24,3/30,3/30,22.62,8.18,16.5
South Africa,Tabraiz Shamsi,28,Bowler,Right-hand bat,Slow left-arm chinaman,9,2,1,00*,0.00,4,0.00,0,0,00,9,9,180,257,6,2/26,2/26,42.83,8.56,30.0
South Africa,JJ Smuts,30,Batting allrounder,Right-hand bat,Slow left-arm orthodox,8,8,0,12645,15.75,114,110.52,0,0,145,8,6,76,101,1,1/19,1/19,101.00,7.97,76.0
South Africa,Rassie van der Dussen,29,Opening batsman,Right-hand bat,Legbreak,2,2,0,6956,34.50,52,132.69,0,1,62,2,-,-,-,-,-,-,-,-,-
West Indies,Fabian Allen,23,Bowler,Right-hand bat,Slow left-arm orthodox,3,2,0,2727,13.50,21,128.57,0,0,40,3,3,48,67,2,1/23,1/23,33.50,8.37,24.0
West Indies,Samuel Badree,37,Bowler,Right-hand bat,Legbreak,52,16,10,4314*,7.16,65,66.15,0,0,11,52,52,1146,1180,56,4/15,4/15,21.07,6.17,20.4
West Indies,Carlos Brathwaite,30,Allrounder,Right-hand bat,Right-arm fast-medium,32,20,6,26637*,19.00,218,122.01,0,0,1219,32,31,570,817,27,3/20,3/20,30.25,8.60,21.1
West Indies,Darren Bravo,29,Top-order batsman,Left-hand bat,Right-arm medium-fast,15,14,1,30643*,23.53,275,111.27,0,0,2611,15,-,-,-,-,-,-,-,-,-
West Indies,Sheldon Cottrell,29,Bowler,Right-hand bat,Left-arm fast-medium,7,1,0,00,0.00,1,0.00,0,0,00,7,7,133,204,9,3/28,3/28,22.66,9.20,14.7
West Indies,Rayad Emrit,37,Allrounder,Right-hand bat,Right-arm medium-fast,4,3,0,1711,5.66,27,62.96,0,0,01,4,4,96,156,4,1/24,1/24,39.00,9.75,24.0
West Indies,Andre Fletcher,30,Wicketkeeper batsman,Right-hand bat,Right-arm medium-fast, Legbreak,42,40,4,76584*,21.25,707,108.20,0,6,5437,42,-,-,-,-,-,-,-,-,-
West Indies,Chris Gayle,39,Allrounder,Left-hand bat,Right-arm offbreak,56,52,4,1607117,33.47,1123,143.09,2,13,137103,56,23,319,377,17,2/15,2/15,22.17,7.09,18.7
West Indies,Shimron Hetmyer,21,Top-order batsman,Left-hand bat,Legbreak googly,5,4,0,5826,14.50,45,128.88,0,0,92,5,-,-,-,-,-,-,-,-,-
West Indies,Shai Hope,25,Wicketkeeper batsman,Right-hand bat,_,6,4,0,5924,14.75,57,103.50,0,0,72,6,-,-,-,-,-,-,-,-,-
West Indies,Evin Lewis,26,Opening batsman,Left-hand bat,_,17,17,1,529125*,33.06,336,157.44,2,3,3145,17,-,-,-,-,-,-,-,-,-
West Indies,Andre McCarthy,31,Middle-order batsman,Right-hand bat,Right-arm offbreak,1,1,0,55,5.00,8,62.50,0,0,00,1,1,12,12,0,-,-,-,6.00,-
West Indies,Jason Mohammed,32,Batsman,Right-hand bat,Right-arm offbreak,9,8,3,9023*,18.00,103,87.37,0,0,91,9,2,12,13,0,-,-,-,6.50,-
West Indies,Sunil Narine,30,Bowler,Left-hand bat,Right-arm offbreak,48,20,8,14730,12.25,116,126.72,0,0,135,48,46,1030,1034,50,4/12,4/12,20.68,6.02,20.6
West Indies,Ashley Nurse,29,Bowler,Right-hand bat,Right-arm offbreak,12,7,5,7220*,36.00,63,114.28,0,0,53,12,12,216,286,7,2/6,2/6,40.85,7.94,30.8
West Indies,Keemo Paul,20,Allrounder,Right-hand bat,Right-arm fast-medium,10,6,3,6520,21.66,63,103.17,0,0,62,10,10,220,302,10,2/24,2/24,30.20,8.23,22.0
West Indies,Veerasammy Permaul,29,Bowler,Right-hand bat,Slow left-arm orthodox,1,-,-,--,-,-,-,-,-,--,1,1,3,8,0,-,-,-,16.00,-
West Indies,Khary Pierre,27,Allrounder,Left-hand bat,Slow left-arm orthodox,3,2,1,109*,10.00,9,111.11,0,0,20,3,3,60,78,2,1/16,1/16,39.00,7.80,30.0
West Indies,Kieron Pollard,31,Allrounder,Right-hand bat,Right-arm medium-fast,59,50,10,78863*,19.70,618,127.50,0,2,5640,59,38,510,710,23,3/30,3/30,30.86,8.35,22.1
West Indies,Nicholas Pooran,23,Wicketkeeper batsman,Left-hand bat,_,5,5,1,8253*,20.50,50,164.00,0,1,75,5,-,-,-,-,-,-,-,-,-
West Indies,Rovman Powell,25,Batsman,Right-hand bat,Right-arm medium-fast,17,13,2,15243,13.81,141,107.80,0,0,126,17,3,42,67,2,1/20,1/20,33.50,9.57,21.0
West Indies,Denesh Ramdin,33,Wicketkeeper batsman,Right-hand bat,_,68,47,14,58155*,17.60,498,116.66,0,1,4818,68,-,-,-,-,-,-,-,-,-
West Indies,Andre Russell,30,Allrounder,Right-hand bat,Right-arm fast,47,39,13,46547,17.88,329,141.33,0,0,3032,47,40,595,908,25,2/10,2/10,36.32,9.15,23.8
West Indies,Marlon Samuels,37,Top-order batsman,Right-hand bat,Right-arm offbreak,67,65,10,161189*,29.29,1386,116.23,0,10,14469,67,30,479,622,22,3/23,3/23,28.27,7.79,21.7
West Indies,Lendl Simmons,33,Top-order batsman,Right-hand bat,Right-arm medium-fast,45,44,6,90782*,23.86,777,116.73,0,5,8633,45,3,36,55,6,4/19,4/19,9.16,9.16,6.0
West Indies,Odean Smith,22,Bowler,Right-hand bat,Right-arm medium,2,1,0,66,6.00,5,120.00,0,0,10,2,2,42,78,2,1/38,1/38,39.00,11.14,21.0
West Indies,Jerome Taylor,34,Bowler,Right-hand bat,Right-arm fast,30,15,6,11821,13.11,92,128.26,0,0,106,30,30,600,863,33,3/6,3/6,26.15,8.63,18.1
West Indies,Oshane Thomas,21,Bowler,Left-hand bat,Right-arm medium-fast,3,1,1,88*,-,4,200.00,0,0,20,3,3,72,91,3,2/21,2/21,30.33,7.58,24.0
West Indies,Chadwick Walton,33,Wicketkeeper batsman,Right-hand bat,_,19,17,0,22540,13.23,203,110.83,0,0,2311,19,-,-,-,-,-,-,-,-,-
West Indies,Kesrick Williams,28,Bowler,Right-hand bat,Right-arm fast-medium,18,5,2,63,2.00,10,60.00,0,0,00,18,18,379,526,30,4/28,4/28,17.53,8.32,12.6
